--
-- PostgreSQL database dump
--

-- Dumped from database version 9.6.2
-- Dumped by pg_dump version 9.6.2

SET statement_timeout = 0;
SET lock_timeout = 0;
SET idle_in_transaction_session_timeout = 0;
SET client_encoding = 'UTF8';
SET standard_conforming_strings = on;
SET check_function_bodies = false;
SET client_min_messages = warning;
SET row_security = off;

--
-- Name: postgres; Type: COMMENT; Schema: -; Owner: postgres
--

COMMENT ON DATABASE postgres IS 'default administrative connection database';


--
-- Name: plpgsql; Type: EXTENSION; Schema: -; Owner: 
--

CREATE EXTENSION IF NOT EXISTS plpgsql WITH SCHEMA pg_catalog;


--
-- Name: EXTENSION plpgsql; Type: COMMENT; Schema: -; Owner: 
--

COMMENT ON EXTENSION plpgsql IS 'PL/pgSQL procedural language';


SET search_path = public, pg_catalog;

SET default_tablespace = '';

SET default_with_oids = false;

--
-- Name: buildings; Type: TABLE; Schema: public; Owner: postgres
--

CREATE TABLE buildings (
    id integer NOT NULL,
    name text
);


ALTER TABLE buildings OWNER TO postgres;

--
-- Name: buildings_id_seq; Type: SEQUENCE; Schema: public; Owner: postgres
--

CREATE SEQUENCE buildings_id_seq
    START WITH 1
    INCREMENT BY 1
    NO MINVALUE
    NO MAXVALUE
    CACHE 1;


ALTER TABLE buildings_id_seq OWNER TO postgres;

--
-- Name: buildings_id_seq; Type: SEQUENCE OWNED BY; Schema: public; Owner: postgres
--

ALTER SEQUENCE buildings_id_seq OWNED BY buildings.id;


--
-- Name: drawnumbers; Type: TABLE; Schema: public; Owner: postgres
--

CREATE TABLE drawnumbers (
    id integer NOT NULL,
    drawnumber integer
);


ALTER TABLE drawnumbers OWNER TO postgres;

--
-- Name: drawnumbers_id_seq; Type: SEQUENCE; Schema: public; Owner: postgres
--

CREATE SEQUENCE drawnumbers_id_seq
    START WITH 1
    INCREMENT BY 1
    NO MINVALUE
    NO MAXVALUE
    CACHE 1;


ALTER TABLE drawnumbers_id_seq OWNER TO postgres;

--
-- Name: drawnumbers_id_seq; Type: SEQUENCE OWNED BY; Schema: public; Owner: postgres
--

ALTER SEQUENCE drawnumbers_id_seq OWNED BY drawnumbers.id;


--
-- Name: idmatching; Type: TABLE; Schema: public; Owner: postgres
--

CREATE TABLE idmatching (
    drawnumberid integer,
    roomid integer
);


ALTER TABLE idmatching OWNER TO postgres;

--
-- Name: rooms; Type: TABLE; Schema: public; Owner: postgres
--

CREATE TABLE rooms (
    id integer NOT NULL,
    buildingid integer,
    roomnumber text,
    roomtypeid integer
);


ALTER TABLE rooms OWNER TO postgres;

--
-- Name: rooms_id_seq; Type: SEQUENCE; Schema: public; Owner: postgres
--

CREATE SEQUENCE rooms_id_seq
    START WITH 1
    INCREMENT BY 1
    NO MINVALUE
    NO MAXVALUE
    CACHE 1;


ALTER TABLE rooms_id_seq OWNER TO postgres;

--
-- Name: rooms_id_seq; Type: SEQUENCE OWNED BY; Schema: public; Owner: postgres
--

ALTER SEQUENCE rooms_id_seq OWNED BY rooms.id;


--
-- Name: roomtype; Type: TABLE; Schema: public; Owner: postgres
--

CREATE TABLE roomtype (
    id integer NOT NULL,
    type text
);


ALTER TABLE roomtype OWNER TO postgres;

--
-- Name: roomtype_id_seq; Type: SEQUENCE; Schema: public; Owner: postgres
--

CREATE SEQUENCE roomtype_id_seq
    START WITH 1
    INCREMENT BY 1
    NO MINVALUE
    NO MAXVALUE
    CACHE 1;


ALTER TABLE roomtype_id_seq OWNER TO postgres;

--
-- Name: roomtype_id_seq; Type: SEQUENCE OWNED BY; Schema: public; Owner: postgres
--

ALTER SEQUENCE roomtype_id_seq OWNED BY roomtype.id;


--
-- Name: buildings id; Type: DEFAULT; Schema: public; Owner: postgres
--

ALTER TABLE ONLY buildings ALTER COLUMN id SET DEFAULT nextval('buildings_id_seq'::regclass);


--
-- Name: drawnumbers id; Type: DEFAULT; Schema: public; Owner: postgres
--

ALTER TABLE ONLY drawnumbers ALTER COLUMN id SET DEFAULT nextval('drawnumbers_id_seq'::regclass);


--
-- Name: rooms id; Type: DEFAULT; Schema: public; Owner: postgres
--

ALTER TABLE ONLY rooms ALTER COLUMN id SET DEFAULT nextval('rooms_id_seq'::regclass);


--
-- Name: roomtype id; Type: DEFAULT; Schema: public; Owner: postgres
--

ALTER TABLE ONLY roomtype ALTER COLUMN id SET DEFAULT nextval('roomtype_id_seq'::regclass);


--
-- Data for Name: buildings; Type: TABLE DATA; Schema: public; Owner: postgres
--

COPY buildings (id, name) FROM stdin;
1	Allen House
2	Brooks House
3	Burton Hall
4	Cassat Hall
5	Clader House
6	Collier House
7	Colwell House
8	Davis Hall
9	Dixon House
10	Dow House
11	Eugster House
12	Evans Hall
13	Faculty Club
14	Faculty Club Annex
15	Goodhue Hall
16	Henrickson House
17	Hill House
18	Hunt House
19	Huntington House
20	James Hall
21	Musser Hall
22	Myers Hall
23	Nason House
24	Northfield Option
25	Nourse Hall
26	Owens House
27	Page House West
28	Parish House
29	Prentice House
30	Rice House
31	Scott House
32	Severance Hall
33	Watson Hall
34	Wilson House
\.


--
-- Name: buildings_id_seq; Type: SEQUENCE SET; Schema: public; Owner: postgres
--

SELECT pg_catalog.setval('buildings_id_seq', 1, false);


--
-- Data for Name: drawnumbers; Type: TABLE DATA; Schema: public; Owner: postgres
--

COPY drawnumbers (id, drawnumber) FROM stdin;
1	1001
2	1002
3	1003
4	1004
5	1005
6	1006
7	1007
8	1008
9	1009
10	1010
11	1011
12	1012
13	1013
14	1014
15	1015
16	1016
17	1017
18	1018
19	1019
20	1020
21	1021
22	1022
23	1023
24	1024
25	1025
26	1026
27	1027
28	1028
29	1029
30	1030
31	1031
32	1032
33	1033
34	1034
35	1035
36	1036
37	1037
38	1038
39	1039
40	1040
41	1041
42	1042
43	1043
44	1044
45	1045
46	1046
47	1047
48	1048
49	1049
50	1051
51	1052
52	1053
53	1054
54	1055
55	1056
56	1057
57	1058
58	1059
59	1060
60	1061
61	1063
62	1064
63	1065
64	1066
65	1068
66	1069
67	1070
68	1071
69	1072
70	1073
71	1074
72	1075
73	1076
74	1078
75	1079
76	1080
77	1081
78	1082
79	1083
80	1084
81	1085
82	1086
83	1087
84	1088
85	1089
86	1090
87	1091
88	1092
89	1093
90	1094
91	1096
92	1097
93	1099
94	1100
95	1102
96	1103
97	1104
98	1105
99	1106
100	1107
101	1109
102	1111
103	1112
104	1113
105	1114
106	1115
107	1116
108	1117
109	1118
110	1119
111	1121
112	1123
113	1124
114	1125
115	1126
116	1127
117	1129
118	1130
119	1132
120	1133
121	1134
122	1135
123	1138
124	1139
125	1141
126	1143
127	1146
128	1147
129	1148
130	1150
131	1152
132	1153
133	1154
134	1156
135	1157
136	1158
137	1160
138	1161
139	1165
140	1166
141	1167
142	1168
143	1169
144	1170
145	1171
146	1172
147	1178
148	1180
149	1181
150	1182
151	1183
152	1184
153	1186
154	1187
155	1188
156	1190
157	1192
158	1193
159	1195
160	1196
161	1197
162	1198
163	1199
164	1202
165	1203
166	1205
167	1206
168	1207
169	1208
170	1209
171	1210
172	1211
173	1212
174	1213
175	1216
176	1217
177	1218
178	1219
179	1221
180	1222
181	1224
182	1226
183	1229
184	1231
185	1232
186	1233
187	1235
188	1236
189	1238
190	1239
191	1241
192	1242
193	1245
194	1246
195	1249
196	1252
197	1254
198	1255
199	1256
200	1258
201	1259
202	1261
203	1262
204	1266
205	1267
206	1271
207	1274
208	1275
209	1276
210	1277
211	1278
212	1279
213	1282
214	1284
215	1285
216	1286
217	1288
218	1290
219	1291
220	1292
221	1296
222	1298
223	1299
224	1301
225	1305
226	1309
227	1311
228	1314
229	1317
230	1318
231	1319
232	1320
233	1321
234	1322
235	1323
236	1324
237	1326
238	1329
239	1330
240	1334
241	1337
242	1338
243	1340
244	1343
245	1345
246	1346
247	1347
248	1349
249	1350
250	1351
251	1352
252	1353
253	1355
254	1357
255	1358
256	1362
257	1364
258	1365
259	1367
260	1369
261	1370
262	1371
263	1374
264	1377
265	1378
266	1379
267	1381
268	1383
269	1384
270	1385
271	1386
272	1388
273	1389
274	1392
275	1394
276	1397
277	1398
278	1400
279	1403
280	1406
281	1407
282	1410
283	1411
284	1413
285	1415
286	1416
287	1417
288	1418
289	1421
290	1423
291	1425
292	1426
293	1431
294	1436
295	1437
296	1438
297	1441
298	1445
299	1446
300	1448
301	1451
302	1452
303	1455
304	1457
305	1458
306	1460
307	1461
308	1462
309	1465
310	1466
311	1467
312	1472
313	1473
314	1476
315	1477
316	1478
317	1479
318	1481
319	1496
320	1497
321	1499
322	1504
323	1506
324	1508
325	1512
326	1514
327	1516
328	1517
329	1522
330	1532
331	1601
332	1625
333	2001
334	2002
335	2003
336	2004
337	2005
338	2006
339	2007
340	2009
341	2010
342	2011
343	2012
344	2013
345	2014
346	2015
347	2016
348	2017
349	2018
350	2019
351	2020
352	2021
353	2022
354	2023
355	2024
356	2025
357	2026
358	2027
359	2030
360	2031
361	2032
362	2033
363	2034
364	2036
365	2038
366	2039
367	2040
368	2041
369	2042
370	2044
371	2045
372	2047
373	2049
374	2050
375	2051
376	2052
377	2053
378	2054
379	2056
380	2061
381	2062
382	2065
383	2066
384	2067
385	2068
386	2069
387	2070
388	2072
389	2075
390	2078
391	2079
392	2080
393	2081
394	2082
395	2084
396	2085
397	2086
398	2087
399	2088
400	2089
401	2090
402	2094
403	2095
404	2096
405	2100
406	2101
407	2102
408	2104
409	2105
410	2106
411	2107
412	2109
413	2110
414	2112
415	2113
416	2115
417	2116
418	2118
419	2120
420	2121
421	2122
422	2123
423	2124
424	2125
425	2126
426	2128
427	2129
428	2130
429	2132
430	2133
431	2134
432	2137
433	2139
434	2140
435	2141
436	2142
437	2144
438	2145
439	2146
440	2147
441	2149
442	2151
443	2153
444	2154
445	2155
446	2156
447	2158
448	2159
449	2161
450	2164
451	2166
452	2167
453	2168
454	2170
455	2171
456	2172
457	2173
458	2177
459	2178
460	2179
461	2180
462	2181
463	2183
464	2184
465	2186
466	2187
467	2188
468	2190
469	2192
470	2193
471	2196
472	2197
473	2199
474	2200
475	2201
476	2203
477	2204
478	2205
479	2206
480	2207
481	2208
482	2210
483	2211
484	2212
485	2213
486	2214
487	2215
488	2216
489	2217
490	2218
491	2219
492	2220
493	2221
494	2223
495	2225
496	2226
497	2229
498	2230
499	2232
500	2233
501	2236
502	2237
503	2238
504	2239
505	2240
506	2241
507	2242
508	2243
509	2246
510	2249
511	2251
512	2253
513	2254
514	2255
515	2257
516	2258
517	2259
518	2260
519	2261
520	2263
521	2264
522	2265
523	2266
524	2268
525	2269
526	2270
527	2272
528	2274
529	2276
530	2277
531	2278
532	2281
533	2284
534	2285
535	2287
536	2288
537	2290
538	2291
539	2293
540	2294
541	2295
542	2297
543	2298
544	2301
545	2303
546	2304
547	2306
548	2309
549	2310
550	2311
551	2312
552	2313
553	2314
554	2315
555	2318
556	2320
557	2322
558	2323
559	2325
560	2328
561	2332
562	2333
563	2334
564	2335
565	2336
566	2338
567	2339
568	2340
569	2344
570	2347
571	2349
572	2353
573	2356
574	2358
575	2359
576	2361
577	2362
578	2363
579	2366
580	2370
581	2376
582	2378
583	2383
584	2384
585	2386
586	2387
587	2390
588	2391
589	2393
590	2394
591	2396
592	2397
593	2402
594	2403
595	2406
596	2415
597	2420
598	2423
599	2424
600	2426
601	2427
602	2435
603	2440
604	2442
605	2448
606	2449
607	2451
608	2452
609	2456
610	2459
611	2463
612	2464
613	2466
614	2469
615	2476
616	2477
617	2479
618	2480
619	2489
620	2492
621	2496
622	2499
623	2500
624	2501
625	2502
626	2508
627	2511
628	2512
629	2513
630	2520
631	2521
632	2522
633	2524
634	2526
635	2529
636	2532
637	2533
638	2537
639	2545
640	3001
641	3002
642	3003
643	3004
644	3005
645	3006
646	3007
647	3008
648	3009
649	3010
650	3011
651	3012
652	3013
653	3014
654	3015
655	3016
656	3017
657	3018
658	3019
659	3020
660	3021
661	3022
662	3023
663	3024
664	3025
665	3026
666	3027
667	3028
668	3029
669	3030
670	3031
671	3032
672	3033
673	3034
674	3035
675	3036
676	3037
677	3038
678	3039
679	3040
680	3041
681	3042
682	3043
683	3044
684	3045
685	3046
686	3047
687	3048
688	3049
689	3051
690	3052
691	3053
692	3054
693	3055
694	3056
695	3057
696	3058
697	3059
698	3060
699	3061
700	3062
701	3063
702	3064
703	3065
704	3066
705	3067
706	3068
707	3069
708	3070
709	3071
710	3073
711	3074
712	3076
713	3077
714	3078
715	3079
716	3080
717	3082
718	3083
719	3084
720	3085
721	3086
722	3087
723	3088
724	3089
725	3090
726	3091
727	3094
728	3095
729	3096
730	3097
731	3098
732	3099
733	3100
734	3101
735	3102
736	3103
737	3104
738	3105
739	3106
740	3107
741	3108
742	3109
743	3110
744	3111
745	3112
746	3114
747	3115
748	3117
749	3118
750	3119
751	3123
752	3124
753	3125
754	3126
755	3127
756	3128
757	3129
758	3130
759	3131
760	3132
761	3133
762	3134
763	3135
764	3136
765	3137
766	3139
767	3140
768	3141
769	3142
770	3143
771	3144
772	3145
773	3146
774	3151
775	3152
776	3153
777	3154
778	3155
779	3156
780	3157
781	3159
782	3160
783	3161
784	3162
785	3163
786	3165
787	3166
788	3167
789	3168
790	3171
791	3174
792	3175
793	3176
794	3177
795	3180
796	3182
797	3183
798	3184
799	3185
800	3186
801	3188
802	3189
803	3190
804	3191
805	3192
806	3193
807	3194
808	3195
809	3196
810	3197
811	3198
812	3201
813	3203
814	3205
815	3206
816	3207
817	3209
818	3211
819	3212
820	3214
821	3215
822	3219
823	3220
824	3226
825	3227
826	3228
827	3229
828	3230
829	3232
830	3233
831	3234
832	3235
833	3236
834	3239
835	3242
836	3245
837	3246
838	3248
839	3250
840	3253
841	3254
842	3259
843	3260
844	3262
845	3264
846	3265
847	3272
848	3273
849	3277
850	3278
851	3279
852	3280
853	3281
854	3282
855	3283
856	3284
857	3285
858	3286
859	3287
860	3292
861	3293
862	3294
863	3297
864	3302
865	3306
866	3309
867	3311
868	3312
869	3313
870	3315
871	3317
872	3318
873	3320
874	3321
875	3323
876	3325
877	3328
878	3329
879	3331
880	3332
881	3333
882	3340
883	3346
884	3347
885	3350
886	3353
887	3359
888	3368
889	3377
890	3381
891	3383
892	3384
893	3385
894	3388
895	3397
896	3411
897	3430
898	3442
899	3447
900	3451
901	3466
902	3470
903	3475
904	3477
905	3485
906	3530
\.


--
-- Name: drawnumbers_id_seq; Type: SEQUENCE SET; Schema: public; Owner: postgres
--

SELECT pg_catalog.setval('drawnumbers_id_seq', 1, false);


--
-- Data for Name: idmatching; Type: TABLE DATA; Schema: public; Owner: postgres
--

COPY idmatching (drawnumberid, roomid) FROM stdin;
135	1
144	2
208	3
226	4
259	5
262	6
263	7
279	2
281	6
282	8
297	8
317	7
319	2
342	9
369	10
374	3
413	9
709	11
731	9
765	11
28	12
29	12
31	13
56	14
69	12
83	13
23	15
53	16
89	17
107	18
111	19
116	15
117	17
121	20
122	21
123	22
124	15
130	23
139	24
140	22
141	25
148	26
149	27
150	28
151	29
153	23
160	20
161	30
161	31
162	32
163	18
164	30
165	16
171	33
171	34
182	35
186	36
186	37
188	17
192	38
193	38
198	24
198	39
199	40
204	41
205	42
206	20
208	43
211	27
214	25
215	27
217	29
218	28
220	39
229	44
230	31
232	36
233	45
234	46
237	47
238	48
239	25
243	29
244	42
247	34
248	16
249	38
250	49
252	50
268	18
270	35
272	42
273	51
282	52
284	53
284	33
285	53
286	49
291	23
293	49
298	21
302	53
303	33
307	54
308	47
308	35
314	19
316	55
330	44
334	30
336	56
338	57
342	58
343	37
345	59
349	40
353	56
356	51
358	59
361	26
362	60
363	61
367	62
372	48
375	48
376	43
379	63
381	54
382	36
386	37
392	32
393	64
399	65
402	54
404	57
406	41
411	56
417	32
418	66
424	67
430	52
447	68
453	69
454	70
459	68
462	52
467	71
470	72
473	71
484	66
507	72
512	73
520	74
542	64
546	75
559	65
603	62
641	66
642	73
649	76
654	40
661	68
679	75
681	74
697	59
707	67
713	67
716	72
730	58
735	76
736	69
740	58
764	76
799	75
30	77
42	78
43	79
92	80
98	81
100	82
105	83
106	82
116	79
118	77
121	78
126	84
129	85
145	86
145	85
146	87
147	88
149	89
152	90
154	91
158	92
164	93
168	92
170	91
171	94
173	88
176	91
177	95
179	95
180	92
187	96
189	97
190	98
191	97
194	93
196	96
201	96
202	95
203	99
205	100
209	101
210	89
212	83
213	102
223	89
224	79
235	85
237	83
240	86
242	82
252	103
257	102
267	98
275	104
296	100
310	86
311	105
348	106
353	106
364	84
368	107
373	98
394	108
420	109
422	108
422	104
425	110
455	111
459	81
461	105
469	111
482	104
486	112
492	113
508	114
515	115
522	108
523	116
527	117
530	118
538	119
547	87
549	81
552	115
557	112
565	120
570	121
582	114
583	84
593	111
595	102
596	122
598	109
605	105
609	123
613	124
635	113
655	116
655	123
657	106
658	124
659	125
662	110
662	126
666	127
667	127
670	126
671	126
672	113
674	128
675	114
676	125
679	118
680	107
680	107
681	118
682	80
683	129
699	122
711	112
824	101
23	130
35	130
79	131
8	132
13	132
17	133
20	134
31	134
33	135
42	135
48	135
6	136
12	137
19	138
47	139
73	140
78	140
80	141
85	142
88	143
89	144
90	140
101	145
111	146
118	147
123	148
125	146
132	149
133	150
149	151
151	152
154	153
168	151
175	142
179	154
183	155
187	156
190	157
192	158
202	152
219	145
222	159
227	155
228	150
235	159
277	160
313	154
315	151
324	146
338	149
339	154
344	155
350	158
351	161
352	162
364	145
365	162
366	142
367	163
375	164
377	165
388	160
389	166
391	167
392	166
393	168
396	169
402	170
413	159
419	171
426	160
428	169
432	164
432	166
433	165
436	167
446	172
464	173
479	174
493	171
496	171
498	175
519	168
524	170
534	175
536	176
539	172
555	170
561	173
568	163
572	163
625	177
644	178
663	168
665	174
690	174
693	175
706	173
717	172
762	158
812	176
838	178
841	167
37	179
38	180
50	181
136	182
345	181
7	183
11	184
15	185
25	186
36	186
66	187
12	188
16	188
21	189
22	190
24	191
24	191
34	189
46	189
357	192
378	193
385	194
396	195
408	195
485	196
526	197
543	198
547	199
548	200
553	201
571	202
576	203
601	204
638	197
640	205
640	206
641	201
641	205
642	193
643	204
645	207
646	200
648	208
649	203
650	209
651	194
651	210
652	211
652	212
653	198
655	213
656	214
657	210
657	215
658	216
661	217
662	218
663	211
664	219
664	220
667	221
667	222
668	223
668	224
669	199
673	213
674	225
674	219
675	212
675	226
677	225
681	227
683	228
683	229
685	230
688	192
693	214
693	231
694	232
695	233
696	220
697	231
699	202
702	196
703	234
704	235
706	208
707	224
708	236
710	237
717	234
720	238
728	228
729	235
733	217
733	218
749	236
750	206
768	232
773	215
781	227
798	222
812	230
823	233
865	239
0	198
40	240
88	241
98	242
117	243
133	241
138	241
163	244
231	245
263	246
304	247
337	248
359	246
386	246
445	244
450	249
487	242
491	248
494	245
497	248
503	242
505	240
509	245
589	249
648	243
677	247
688	250
725	251
763	252
785	251
802	252
817	250
866	243
867	251
901	252
45	253
255	254
295	255
337	256
378	257
405	255
448	258
452	258
468	254
474	259
480	259
490	260
556	259
579	255
587	261
622	260
624	261
630	262
633	260
652	263
673	264
690	265
691	266
713	267
718	268
731	269
735	267
741	270
743	271
752	272
757	273
760	273
762	271
765	272
769	274
770	270
776	275
785	269
785	267
786	269
790	266
793	265
794	276
794	258
797	271
803	277
804	278
806	279
814	277
819	280
822	281
822	254
823	282
825	273
826	283
827	284
830	263
831	279
835	285
835	285
836	286
837	287
838	263
840	288
842	268
844	289
846	290
847	270
848	291
851	266
856	278
858	292
858	280
859	268
860	293
861	291
861	294
870	294
871	285
872	275
873	295
874	288
875	293
876	281
878	286
880	276
884	296
885	292
887	291
888	295
889	297
891	290
892	298
894	299
896	284
898	300
899	288
900	281
902	279
904	277
905	275
906	274
66	301
73	302
80	303
86	304
97	305
113	306
83	307
93	308
95	309
109	310
153	311
156	311
166	310
221	312
288	311
325	308
335	310
340	307
351	309
354	313
360	312
364	308
370	314
394	307
396	309
432	312
437	314
442	313
444	313
500	314
3	315
7	316
8	317
10	318
13	319
15	320
178	321
261	322
373	323
456	324
495	325
532	326
535	327
644	328
39	329
42	330
43	331
44	330
45	689
51	333
54	334
55	329
59	335
61	331
64	336
65	337
68	338
69	339
72	340
72	341
78	342
79	701
81	701
83	344
84	338
85	345
87	346
90	347
91	348
94	349
97	350
105	351
134	351
13	0
26	0
39	0
43	0
44	0
52	0
56	0
57	0
60	0
67	0
76	0
77	0
96	0
97	0
107	0
254	367
371	368
376	369
444	370
458	369
461	371
471	370
475	372
477	373
504	371
547	370
558	374
580	375
586	369
588	368
591	374
595	372
629	371
632	373
643	376
705	377
723	378
738	376
745	379
753	380
756	381
757	377
759	381
766	382
767	383
774	372
779	384
781	385
788	378
799	379
808	386
814	385
815	387
815	388
817	387
818	378
820	389
824	390
825	385
827	386
828	390
834	391
841	392
845	380
849	393
850	381
852	394
853	391
853	383
855	395
862	367
863	396
864	397
865	393
868	394
873	398
877	386
878	399
879	395
881	382
882	400
882	390
886	398
890	401
895	397
897	402
117	403
146	403
150	403
246	404
274	405
279	404
288	406
292	407
300	408
301	406
309	404
320	409
355	410
377	409
379	411
390	408
403	412
407	413
419	411
421	408
439	410
440	412
449	406
451	411
458	413
656	414
684	414
685	415
686	416
687	415
692	417
696	418
698	419
700	420
705	421
718	422
720	418
721	420
725	423
726	424
727	424
732	417
734	420
736	415
743	422
744	417
745	425
747	414
748	426
749	427
749	421
754	428
755	429
755	424
757	430
758	431
758	430
763	432
768	433
771	431
773	423
775	421
778	418
778	434
780	433
781	435
782	427
784	436
784	436
787	436
790	437
795	419
796	438
798	439
799	432
801	427
805	431
807	430
807	437
808	428
811	429
811	440
824	434
827	439
832	438
833	439
839	440
855	435
857	419
869	432
903	437
1	441
1	441
1	442
2	443
3	443
4	443
4	443
5	443
6	443
8	443
9	443
9	443
10	443
11	443
11	443
12	443
14	443
16	443
18	443
19	443
20	443
21	443
22	443
23	443
25	443
29	443
29	443
30	443
32	443
35	443
36	443
36	443
38	443
40	443
41	443
41	443
45	443
47	443
48	443
48	443
49	443
50	443
53	443
53	443
54	443
55	443
57	443
58	443
59	443
62	443
70	443
73	443
74	443
67	444
82	445
98	446
104	447
112	448
113	446
115	449
139	444
155	450
174	451
181	451
185	452
195	453
204	454
207	445
213	455
215	456
216	445
237	450
240	446
241	449
252	452
253	448
256	457
258	458
260	447
266	453
277	448
287	450
289	458
289	459
294	460
318	461
321	459
323	462
327	457
329	463
332	459
334	455
339	464
345	465
350	461
352	456
352	466
357	460
367	467
378	466
382	460
383	468
384	452
388	469
391	451
397	470
398	467
412	453
416	455
420	461
435	456
438	457
441	471
446	472
467	464
475	466
488	473
508	462
513	470
529	468
540	465
540	468
543	474
545	472
564	447
590	469
642	474
647	475
647	473
654	473
656	476
658	467
669	477
682	475
687	474
690	469
698	464
698	476
707	475
721	465
802	462
14	478
16	479
17	478
20	480
24	481
27	482
35	482
56	483
17	484
52	485
71	486
423	487
472	488
478	489
480	488
499	490
511	491
525	492
531	493
564	494
573	490
686	495
91	496
99	497
142	498
169	499
267	500
130	501
225	502
245	501
341	503
358	501
375	504
380	505
399	506
410	503
466	504
468	505
481	502
483	507
563	503
678	506
712	505
719	506
732	507
804	507
7	508
14	509
15	509
18	510
18	510
21	511
27	512
33	511
26	513
32	514
37	515
50	513
51	514
52	516
63	517
75	518
78	519
84	520
90	521
92	522
94	513
101	518
102	521
103	523
108	524
113	520
119	525
119	526
121	522
123	527
126	528
127	529
128	530
131	531
143	523
144	532
157	533
159	531
160	529
163	534
167	527
170	535
172	536
184	537
190	531
200	529
271	528
278	524
333	533
333	533
236	538
251	539
264	538
269	540
276	541
280	542
283	543
289	544
290	545
299	546
302	547
305	538
306	548
312	549
322	550
326	551
328	552
331	553
346	554
347	555
358	540
362	556
371	554
383	557
383	557
387	558
395	543
400	559
401	560
409	555
410	561
411	547
414	562
415	563
416	558
420	555
427	544
428	564
429	558
431	565
433	566
434	559
435	567
436	549
436	568
439	569
443	553
445	539
453	570
453	571
457	552
460	572
462	573
463	574
465	575
465	576
470	569
472	577
476	561
478	578
486	545
489	579
497	580
498	581
501	582
502	583
506	551
510	543
511	560
513	584
514	570
515	585
516	561
517	586
518	587
520	545
521	588
528	589
533	552
537	590
537	587
541	577
544	591
549	592
550	573
551	593
554	553
560	594
562	590
563	595
566	596
567	569
569	539
574	578
575	566
577	574
578	582
579	576
581	567
584	588
585	588
586	564
589	565
592	597
594	598
597	572
597	599
599	574
600	556
602	580
603	564
604	540
604	587
606	600
607	593
608	584
610	582
611	567
612	592
614	572
615	601
616	602
616	577
617	603
618	544
619	604
620	547
621	563
623	581
624	560
626	554
627	605
628	576
631	570
634	589
636	575
637	604
639	562
645	606
651	600
653	601
660	568
660	596
689	607
692	584
695	602
701	608
702	542
705	609
710	610
711	611
711	612
714	599
714	606
715	595
718	548
722	613
724	614
726	598
737	562
738	612
739	541
740	609
742	615
746	616
751	617
761	618
764	607
767	617
772	605
772	619
772	613
777	612
777	611
778	571
780	620
783	621
789	622
791	551
792	610
800	619
801	603
809	623
809	550
810	559
813	565
816	548
820	604
821	605
829	606
829	610
835	581
843	624
848	625
854	607
883	602
893	603
46	626
51	627
58	627
79	628
110	628
114	626
115	626
120	629
137	627
154	629
159	630
197	630
265	629
\.


--
-- Data for Name: rooms; Type: TABLE DATA; Schema: public; Owner: postgres
--

COPY rooms (id, buildingid, roomnumber, roomtypeid) FROM stdin;
1	1	204A	2
2	1	206	1
3	1	107A	2
4	1	201	2
5	1	101	2
6	1	108	1
7	1	102	2
8	1	203	2
9	1	207	2
10	1	204B	2
11	1	208	2
12	2	200B	4
13	2	100A	4
14	2	100B	4
15	3	306	1
16	3	323	1
17	3	223	1
18	3	233	1
19	3	206	1
20	3	325B	3
21	3	308A	3
22	3	224	1
23	3	228	1
24	3	317	1
25	3	305	1
26	3	225A	3
27	3	328	1
28	3	208B	3
29	3	329	1
30	3	211	1
31	3	215	1
32	3	229A	2
33	3	309	1
34	3	226A	3
35	3	335	1
36	3	414A	3
37	3	121A	3
38	3	205	1
39	3	313	1
40	3	302A	3
41	3	109	1
42	3	331	1
43	3	312A	2
44	3	402	1
45	3	421	1
46	3	308B	3
47	3	418	1
48	3	217A	3
49	3	129	1
50	3	227	1
51	3	113A	3
52	3	123	1
53	3	408	1
54	3	235A	3
55	3	103	1
56	3	119	3
57	3	330A	3
58	3	110A	2
59	3	130A	3
60	3	226B	3
61	3	208A	3
62	3	122A	2
63	3	222	2
64	3	406	2
65	3	125A	2
66	3	209A	2
67	3	106A	2
68	3	301A	3
69	3	419	2
70	3	212A	2
71	3	319A	2
72	3	131A	3
73	3	126A	2
74	3	409	2
75	3	401	2
76	3	417	2
77	4	218	1
78	4	208	1
79	4	301	1
80	4	414	2
81	4	221	2
82	4	417	1
83	4	401	1
84	4	213	2
85	4	327	1
86	4	408	1
87	4	203	2
88	4	427	1
89	4	201	1
90	4	317	1
91	4	227	1
92	4	308	1
93	4	127	1
94	4	429	1
95	4	217	1
96	4	418	1
97	4	318	1
98	4	106	1
99	4	416	1
100	4	115	1
101	4	129	1
102	4	322	2
103	4	108	1
104	4	212	2
105	4	312	2
106	4	302	2
107	4	421	2
108	4	313	2
109	4	305	2
110	4	319	2
111	4	204	2
112	4	220	2
113	4	226	2
114	4	403	2
115	4	309	2
116	4	328	2
117	4	314	2
118	4	426	2
119	4	402	2
120	4	407	2
121	4	307	2
122	4	420	2
123	4	209	2
124	4	228	2
125	4	404	2
126	4	207	2
127	4	411	2
128	4	311	2
129	4	405	2
130	5	100B	3
131	5	100A	3
132	6	200B	4
133	6	300C	4
134	6	300B	4
135	6	100A	4
136	7	100B	5
137	7	100A	5
138	7	100D	5
139	8	204B	5
140	8	314A	5
141	8	204A	5
142	8	116A	3
143	8	304A	5
144	8	304C	5
145	8	309	2
146	8	214	3
147	8	104B	5
148	8	204C	5
149	8	404A	5
150	8	216A	3
151	8	114	3
152	8	208	2
153	8	111	4
154	8	211	5
155	8	308	2
156	8	404C	5
157	8	222	3
158	8	108	2
159	8	412	2
160	8	312	2
161	8	112	4
162	8	109	4
163	8	110	4
164	8	409	2
165	8	215	3
166	8	207	4
167	8	406	2
168	8	306	4
169	8	206	4
170	8	209	4
171	8	307	4
172	8	210	4
173	8	408	4
174	8	107	4
175	8	407	4
176	8	115	3
177	8	414	3
178	8	106	4
179	9	200B	6
180	9	200A	6
181	9	100A	3
182	9	100B	3
183	10	200C	6
184	10	200D	6
185	10	200A	6
186	10	100B	4
187	10	100A	4
188	11	400B	4
189	11	100A	4
190	11	200B	5
191	11	200A	5
192	12	11	6
193	12	213	4
194	12	200	3
195	12	405	2
196	12	402	2
197	12	407	2
198	12	309	2
199	12	307	3
200	12	403	3
201	12	316	3
202	12	211	4
203	12	216	3
204	12	313	4
205	12	300	3
206	12	208	2
207	12	21	3
208	12	7	2
209	12	10	6
210	12	214	4
211	12	314	4
212	12	415	3
213	12	212	2
214	12	207	3
215	12	304	3
216	12	19	3
217	12	412	4
218	12	406	5
219	12	303	3
220	12	111	4
221	12	122	3
222	12	311	4
223	12	17	4
224	12	204	3
225	12	5	4
226	12	119	3
227	12	413	3
228	12	118	2
229	12	120	3
230	12	108	3
231	12	308	2
232	12	400	3
233	12	106	3
234	12	209	2
235	12	312	2
236	12	18	3
237	12	8	2
238	12	203	3
239	12	109	3
240	13	104	1
241	13	012A	6
242	13	202	1
243	13	200	2
244	13	204	1
245	13	101	1
246	13	203	1
247	13	102	1
248	13	103	1
249	13	201	1
250	13	205	2
251	13	105	2
252	13	100	2
253	14	200C	0
254	15	219	1
255	15	202	1
256	15	125	1
257	15	308	1
258	15	419	1
259	15	402	1
260	15	208	1
261	15	319	1
262	15	302	1
263	15	303	2
264	15	404	1
265	15	216	2
266	15	203	2
267	15	218	2
268	15	309	2
269	15	409	2
270	15	418	2
271	15	403	2
272	15	408	1
273	15	318	2
274	15	305	2
275	15	314	2
276	15	113	2
277	15	207	2
278	15	339	2
279	15	415	2
280	15	315	2
281	15	441	2
282	15	102	2
283	15	243	2
284	15	209	2
285	15	445	2
286	15	328	2
287	15	135	1
288	15	442	2
289	15	345	2
290	15	335	2
291	15	115	2
292	15	405	2
293	15	104	2
294	15	428	2
295	15	223	2
296	15	139	2
297	15	235	2
298	15	228	2
299	15	137	2
300	15	214	2
301	16	203	1
302	16	202	1
303	16	109	1
304	16	13	2
305	16	204	1
306	16	206	1
307	17	102	3
308	17	301	4
309	17	103	3
310	17	101	0
311	17	302	2
312	17	208	2
313	17	201	3
314	17	206	2
315	18	100C	5
316	18	200B	5
317	18	200A	5
318	18	100B	5
319	18	200C	5
320	18	100A	5
321	19	110	1
322	19	202	1
323	19	102	0
324	19	203	2
325	19	205	3
326	19	208	2
327	19	204	2
328	19	105	2
329	20	005C	5
330	20	305B	5
331	20	303A	4
332	20	203B	4
333	20	202C	5
334	20	202A	5
335	20	201C	4
336	20	302A	5
337	20	103A	4
338	20	401B	4
339	20	301A	4
340	20	004B	5
341	20	201A	4
342	20	402B	5
343	20	405B	5
344	20	301C	4
345	20	004A	5
346	20	101C	4
347	20	304A	4
348	20	101A	4
349	20	103B	4
350	20	102A	4
351	20	403B	4
352	20	205B	5
353	20	202D	5
354	20	305C	5
355	20	302D	4
356	20	402B	4
357	20	203B	4
358	20	405B	5
359	20	103C	4
360	20	303C	4
361	20	301B	4
362	20	401A	4
363	20	204C	4
364	20	403A	4
365	20	404C	4
366	20	102C	4
367	21	411	1
368	21	328	1
369	21	427	1
370	21	211	1
371	21	327	1
372	21	414	1
373	21	311	1
374	21	228	1
375	21	227	1
376	21	428	1
377	21	208	2
378	21	426	2
379	21	303	2
380	21	319	2
381	21	313	2
382	21	406	2
383	21	410	2
384	21	213	2
385	21	424	2
386	21	326	2
387	21	420	2
388	21	310	2
389	21	218	2
390	21	317	2
391	21	318	2
392	21	206	2
393	21	325	2
394	21	203	2
395	21	306	2
396	21	225	2
397	21	202	2
398	21	401	2
399	21	417	2
400	21	217	2
401	21	404	2
402	21	210	2
403	22	115A	2
404	22	414	1
405	22	234	1
406	22	214	1
407	22	334	1
408	22	314	1
409	22	434	1
410	22	433	1
411	22	333	1
412	22	233	1
413	22	313	1
414	22	404	2
415	22	445	2
416	22	436	2
417	22	406	2
418	22	446	2
419	22	243	2
420	22	401	2
421	22	408	2
422	22	411	2
423	22	337	2
424	22	438	2
425	22	442	2
426	22	311	2
427	22	341	2
428	22	236	2
429	22	302	2
430	22	211	2
431	22	301	2
432	22	201	2
433	22	343	2
434	22	336	2
435	22	308	2
436	22	206	2
437	22	241	2
438	22	242	2
439	22	203	2
440	22	208	2
441	23	100A	5
442	23	100C	5
443	24	OPT	0
444	25	122	3
445	25	307	1
446	25	314	1
447	25	417	2
448	25	415	1
449	25	214	1
450	25	207	1
451	25	107	1
452	25	108	1
453	25	110	1
454	25	105	1
455	25	103	1
456	25	306A	2
457	25	17	1
458	25	12	1
459	25	15	1
460	25	16	1
461	25	14	1
462	25	303A	3
463	25	414	1
464	25	206A	2
465	25	216	3
466	25	101A	3
467	25	309A	2
468	25	304A	2
469	25	301A	3
470	25	106A	2
471	25	418	2
472	25	407A	2
473	25	203A	3
474	25	201A	3
475	25	208A	3
476	25	13	2
477	25	405	2
478	26	300B	4
479	26	300A	4
480	26	100B	4
481	26	200C	5
482	26	100A	4
483	26	200A	5
484	27	200B	5
485	27	200C	5
486	28	119	1
487	28	308	2
488	28	203A	3
489	28	302	2
490	28	210A	3
491	28	216A	4
492	28	313	3
493	28	311	2
494	28	204	2
495	28	213	2
496	29	204	1
497	29	206	1
498	29	301	2
499	29	202	1
500	29	201	1
501	30	300B	1
502	30	300C	1
503	30	111A	2
504	30	300A	1
505	30	204A	3
506	30	203A	4
507	30	105A	2
508	31	200C	4
509	31	200A	4
510	31	100A	4
511	31	300C	5
512	31	100B	4
513	32	212A	2
514	32	203B	4
515	32	303B	4
516	32	409B	5
517	32	203A	4
518	32	303C	4
519	32	311	1
520	32	208A	4
521	32	403B	4
522	32	306A	4
523	32	309A	4
524	32	209B	4
525	32	208B	4
526	32	307B	3
527	32	210A	4
528	32	214B	4
529	32	304	2
530	32	307A	3
531	32	213	1
532	32	306B	4
533	32	312B	4
534	32	209A	4
535	32	403A	4
536	32	309B	4
537	32	214A	4
538	33	116	3
539	33	305	1
540	33	719	1
541	33	209	1
542	33	619	1
543	33	715	1
544	33	308	1
545	33	309	1
546	33	318	1
547	33	215	1
548	33	312	1
549	33	315	1
550	33	615	1
551	33	211	1
552	33	202	1
553	33	616	1
554	33	704	1
555	33	708	1
556	33	304	1
557	33	712	1
558	33	218	1
559	33	508	1
560	33	605	1
561	33	302	1
562	33	405	1
563	33	718	1
564	33	409	1
565	33	502	1
566	33	702	1
567	33	319	1
568	33	402	1
569	33	711	1
570	33	504	1
571	33	311	1
572	33	618	1
573	33	511	1
574	33	602	1
575	33	212	1
576	33	516	1
577	33	505	1
578	33	609	1
579	33	301	1
580	33	219	1
581	33	604	1
582	33	509	1
583	33	611	1
584	33	204	1
585	33	705	1
586	33	507	2
587	33	716	1
588	33	709	1
589	33	512	1
590	33	608	1
591	33	404	1
592	33	415	1
593	33	419	1
594	33	401	1
595	33	518	1
596	33	717	2
597	33	201	1
598	33	408	1
599	33	205	1
600	33	612	1
601	33	411	1
602	33	208	1
603	33	216	1
604	33	412	1
605	33	515	1
606	33	416	1
607	33	418	1
608	33	601	1
609	33	607	2
610	33	710	2
611	33	210	2
612	33	410	2
613	33	310	2
614	33	417	2
615	33	307	2
616	33	606	2
617	33	610	2
618	33	316	1
619	33	510	2
620	33	703	2
621	33	403	2
622	33	603	2
623	33	303	2
624	33	503	2
625	33	519	1
626	34	201	1
627	34	203	1
628	34	101	1
629	34	102	1
630	34	202	1
\.


--
-- Name: rooms_id_seq; Type: SEQUENCE SET; Schema: public; Owner: postgres
--

SELECT pg_catalog.setval('rooms_id_seq', 1, false);


--
-- Data for Name: roomtype; Type: TABLE DATA; Schema: public; Owner: postgres
--

COPY roomtype (id, type) FROM stdin;
1	Single
2	Double
3	Triple
4	Quad
5	Quint
6	Sextet
\.


--
-- Name: roomtype_id_seq; Type: SEQUENCE SET; Schema: public; Owner: postgres
--

SELECT pg_catalog.setval('roomtype_id_seq', 1, false);


--
-- Name: drawnumbers drawnumbers_pkey; Type: CONSTRAINT; Schema: public; Owner: postgres
--

ALTER TABLE ONLY drawnumbers
    ADD CONSTRAINT drawnumbers_pkey PRIMARY KEY (id);


--
-- Name: roomtype roomtype_pkey; Type: CONSTRAINT; Schema: public; Owner: postgres
--

ALTER TABLE ONLY roomtype
    ADD CONSTRAINT roomtype_pkey PRIMARY KEY (id);


--
-- Name: public; Type: ACL; Schema: -; Owner: postgres
--

GRANT USAGE ON SCHEMA public TO keaton;


--
-- Name: buildings; Type: ACL; Schema: public; Owner: postgres
--

GRANT SELECT ON TABLE buildings TO keaton;


--
-- Name: buildings_id_seq; Type: ACL; Schema: public; Owner: postgres
--

GRANT SELECT ON SEQUENCE buildings_id_seq TO keaton;


--
-- Name: drawnumbers; Type: ACL; Schema: public; Owner: postgres
--

GRANT SELECT ON TABLE drawnumbers TO keaton;


--
-- Name: drawnumbers_id_seq; Type: ACL; Schema: public; Owner: postgres
--

GRANT SELECT ON SEQUENCE drawnumbers_id_seq TO keaton;


--
-- Name: idmatching; Type: ACL; Schema: public; Owner: postgres
--

GRANT SELECT ON TABLE idmatching TO keaton;


--
-- Name: rooms; Type: ACL; Schema: public; Owner: postgres
--

GRANT SELECT ON TABLE rooms TO keaton;


--
-- Name: rooms_id_seq; Type: ACL; Schema: public; Owner: postgres
--

GRANT SELECT ON SEQUENCE rooms_id_seq TO keaton;


--
-- Name: roomtype; Type: ACL; Schema: public; Owner: postgres
--

GRANT SELECT ON TABLE roomtype TO keaton;


--
-- Name: roomtype_id_seq; Type: ACL; Schema: public; Owner: postgres
--

GRANT SELECT ON SEQUENCE roomtype_id_seq TO keaton;


--
-- Name: DEFAULT PRIVILEGES FOR TABLES; Type: DEFAULT ACL; Schema: public; Owner: postgres
--

ALTER DEFAULT PRIVILEGES FOR ROLE postgres IN SCHEMA public REVOKE ALL ON TABLES  FROM postgres;
ALTER DEFAULT PRIVILEGES FOR ROLE postgres IN SCHEMA public GRANT SELECT ON TABLES  TO keaton;


--
-- PostgreSQL database dump complete
--

